{
  "run_id": "20260621T225140Z-93e39c70",
  "n_legs": 19697,
  "n_realtime_rows": 311103,
  "part_a_congruence": {
    "up": {
      "n": 9850,
      "body_pct": {
        "start_mean": 50.51369312444213,
        "peak_mean": 50.55995049974114
      },
      "upper_wick_pct": {
        "start_mean": 13.68722262929496,
        "peak_mean": 35.09457679304752
      },
      "lower_wick_pct": {
        "start_mean": 35.616343129511634,
        "peak_mean": 14.142427021932148
      },
      "rng_atr_ratio": {
        "start_mean": 1.177876827867079,
        "peak_mean": 1.1177213011333862
      },
      "vol_ratio": {
        "start_mean": 1.3888653766917727,
        "peak_mean": 1.267419428079055
      },
      "close_loc": {
        "start_mean": 57.97115667890721,
        "peak_mean": 42.590360191542985
      },
      "is_green_pct": {
        "start": 0.4436548223350254,
        "peak": 0.5318781725888325
      }
    },
    "down": {
      "n": 9847,
      "body_pct": {
        "start_mean": 50.56393785988006,
        "peak_mean": 50.34031872166001
      },
      "upper_wick_pct": {
        "start_mean": 35.48621449434168,
        "peak_mean": 13.846633992041044
      },
      "lower_wick_pct": {
        "start_mean": 13.767050854877471,
        "peak_mean": 35.620095118125896
      },
      "rng_atr_ratio": {
        "start_mean": 1.1752856320454896,
        "peak_mean": 1.1321989695261494
      },
      "vol_ratio": {
        "start_mean": 1.3792560561810892,
        "peak_mean": 1.284003444611636
      },
      "close_loc": {
        "start_mean": 41.548019625757505,
        "peak_mean": 57.51423820463396
      },
      "is_green_pct": {
        "start": 0.5213770691581192,
        "peak": 0.4363765613892556
      }
    }
  },
  "part_b_early_signature": {
    "up": {
      "in_sample": {
        "n": 7043,
        "corr_early_gain_leg_amp_all": {
          "r": 0.693297418856916,
          "n": 7043,
          "p": 0.0
        },
        "corr_early_gain_leg_amp_nontautological": {
          "r": 0.6113221890275827,
          "n": 4873,
          "p": 0.0
        },
        "corr_early_slope_corr_depth": {
          "r": 0.1900188643860157,
          "n": 5190,
          "p": 0.0
        },
        "n_nontautological": 4873
      },
      "held_out": {
        "n": 2807,
        "corr_early_gain_leg_amp_all": {
          "r": 0.8006010340322669,
          "n": 2807,
          "p": 0.0
        },
        "corr_early_gain_leg_amp_nontautological": {
          "r": 0.7362339479578739,
          "n": 1989,
          "p": 0.0
        },
        "corr_early_slope_corr_depth": {
          "r": 0.33649712598237635,
          "n": 2083,
          "p": 0.0
        },
        "n_nontautological": 1989
      }
    },
    "down": {
      "in_sample": {
        "n": 7042,
        "corr_early_gain_leg_amp_all": {
          "r": 0.8067141440195356,
          "n": 7042,
          "p": 0.0
        },
        "corr_early_gain_leg_amp_nontautological": {
          "r": 0.7158948980481528,
          "n": 4845,
          "p": 0.0
        },
        "corr_early_slope_corr_depth": {
          "r": 0.2473690779533084,
          "n": 5316,
          "p": 0.0
        },
        "n_nontautological": 4845
      },
      "held_out": {
        "n": 2805,
        "corr_early_gain_leg_amp_all": {
          "r": 0.7901141400547315,
          "n": 2805,
          "p": 0.0
        },
        "corr_early_gain_leg_amp_nontautological": {
          "r": 0.7487771325029651,
          "n": 1984,
          "p": 0.0
        },
        "corr_early_slope_corr_depth": {
          "r": 0.23321399827710965,
          "n": 2038,
          "p": 0.0
        },
        "n_nontautological": 1984
      }
    }
  },
  "part_c_realtime_filter": {
    "bottom_like": {
      "3": {
        "in_sample": {
          "pattern": {
            "n": 5991,
            "mean": -0.10783493061504919,
            "ci_lo": -0.23204841756662598,
            "ci_hi": 0.016378556336527586
          },
          "baseline": {
            "n": 42121,
            "mean": 0.009799769925826986,
            "ci_lo": -0.012567798136341029,
            "ci_hi": 0.032167337987995
          },
          "p_vs_baseline": 0.06772845707269548
        },
        "held_out": {
          "pattern": {
            "n": 3084,
            "mean": 0.08742449384093542,
            "ci_lo": -0.07826720391863617,
            "ci_hi": 0.253116191600507
          },
          "baseline": {
            "n": 17878,
            "mean": 0.006326678335365133,
            "ci_lo": -0.025758034875861348,
            "ci_hi": 0.038411391546591615
          },
          "p_vs_baseline": 0.3462812763032588
        }
      },
      "6": {
        "in_sample": {
          "pattern": {
            "n": 5991,
            "mean": -0.2094794038048847,
            "ci_lo": -0.365926840066476,
            "ci_hi": -0.053031967543293396
          },
          "baseline": {
            "n": 42121,
            "mean": 0.016788208663710724,
            "ci_lo": -0.015293915647770988,
            "ci_hi": 0.048870332975192436
          },
          "p_vs_baseline": 0.0054874636406565536
        },
        "held_out": {
          "pattern": {
            "n": 3084,
            "mean": 0.11480330102902453,
            "ci_lo": -0.08842876193991153,
            "ci_hi": 0.3180353639979606
          },
          "baseline": {
            "n": 17877,
            "mean": 0.06136990641984292,
            "ci_lo": 0.012567031061433906,
            "ci_hi": 0.11017278177825193
          },
          "p_vs_baseline": 0.6163183638263834
        }
      },
      "12": {
        "in_sample": {
          "pattern": {
            "n": 5991,
            "mean": -0.19881653854237488,
            "ci_lo": -0.39940904371679764,
            "ci_hi": 0.0017759666320478762
          },
          "baseline": {
            "n": 42121,
            "mean": 0.020055304731880264,
            "ci_lo": -0.02921571699508155,
            "ci_hi": 0.06932632645884208
          },
          "p_vs_baseline": 0.03781318564707625
        },
        "held_out": {
          "pattern": {
            "n": 3084,
            "mean": 0.20904069859069316,
            "ci_lo": -0.07002714326499224,
            "ci_hi": 0.4881085404463785
          },
          "baseline": {
            "n": 17872,
            "mean": 0.20031453187843934,
            "ci_lo": 0.12707910038023273,
            "ci_hi": 0.27354996337664594
          },
          "p_vs_baseline": 0.9527291586416591
        }
      },
      "24": {
        "in_sample": {
          "pattern": {
            "n": 5991,
            "mean": -0.17469479222162668,
            "ci_lo": -0.4285005182428556,
            "ci_hi": 0.0791109337996023
          },
          "baseline": {
            "n": 42121,
            "mean": -0.004146105590135945,
            "ci_lo": -0.07675588630882108,
            "ci_hi": 0.06846367512854917
          },
          "p_vs_baseline": 0.2054223035010987
        },
        "held_out": {
          "pattern": {
            "n": 3084,
            "mean": 0.33987525896463183,
            "ci_lo": -0.014557491878140205,
            "ci_hi": 0.6943080098074039
          },
          "baseline": {
            "n": 17864,
            "mean": 0.3334715314747367,
            "ci_lo": 0.2267351302167075,
            "ci_hi": 0.44020793273276587
          },
          "p_vs_baseline": 0.9729503699339008
        }
      }
    },
    "top_like": {
      "3": {
        "in_sample": {
          "pattern": {
            "n": 5819,
            "mean": 0.003979095114884706,
            "ci_lo": -0.1297075024963645,
            "ci_hi": 0.1376656927261339
          },
          "baseline": {
            "n": 42121,
            "mean": 0.009799769925826986,
            "ci_lo": -0.012567798136341029,
            "ci_hi": 0.032167337987995
          },
          "p_vs_baseline": 0.932922970613538
        },