{
  "run_id": "20260622T004346Z-75e29887",
  "n_legs": 76017,
  "n_realtime_rows": 1067187,
  "part_a_congruence": {
    "up": {
      "n": 38011,
      "body_pct": {
        "start_mean": 51.13684914272805,
        "peak_mean": 51.19790732771501
      },
      "upper_wick_pct": {
        "start_mean": 13.12364803343636,
        "peak_mean": 34.739154958865626
      },
      "lower_wick_pct": {
        "start_mean": 35.597438684507495,
        "peak_mean": 13.907719487116456
      },
      "rng_atr_ratio": {
        "start_mean": 1.192515297922333,
        "peak_mean": 1.1033846150115074
      },
      "vol_ratio": {
        "start_mean": 1.37276243555494,
        "peak_mean": 1.252669214286935
      },
      "close_loc": {
        "start_mean": 58.286898492989714,
        "peak_mean": 42.61666800235824
      },
      "is_green_pct": {
        "start": 0.4436610454868328,
        "peak": 0.5273210386467075
      }
    },
    "down": {
      "n": 38006,
      "body_pct": {
        "start_mean": 51.13751699301017,
        "peak_mean": 51.07515497926071
      },
      "upper_wick_pct": {
        "start_mean": 35.059404699201416,
        "peak_mean": 13.342943037108725
      },
      "lower_wick_pct": {
        "start_mean": 13.64783966125892,
        "peak_mean": 35.426663337101076
      },
      "rng_atr_ratio": {
        "start_mean": 1.1591536429506613,
        "peak_mean": 1.1360165401524014
      },
      "vol_ratio": {
        "start_mean": 1.3427691758626548,
        "peak_mean": 1.2660874455924171
      },
      "close_loc": {
        "start_mean": 41.860113705854346,
        "peak_mean": 57.532526725301224
      },
      "is_green_pct": {
        "start": 0.5214176708940693,
        "peak": 0.434063042677472
      }
    }
  },
  "part_b_early_signature": {
    "up": {
      "in_sample": {
        "n": 26847,
        "corr_early_gain_leg_amp_all": {
          "r": 0.745090727496032,
          "n": 26847,
          "p": 0.0
        },
        "corr_early_gain_leg_amp_nontautological": {
          "r": 0.7062585705395565,
          "n": 18484,
          "p": 0.0
        },
        "corr_early_slope_corr_depth": {
          "r": 0.2764839449663139,
          "n": 19860,
          "p": 0.0
        },
        "n_nontautological": 18484
      },
      "held_out": {
        "n": 11164,
        "corr_early_gain_leg_amp_all": {
          "r": 0.7549092495829656,
          "n": 11164,
          "p": 0.0
        },
        "corr_early_gain_leg_amp_nontautological": {
          "r": 0.70437051472802,
          "n": 7742,
          "p": 0.0
        },
        "corr_early_slope_corr_depth": {
          "r": 0.2712736128628,
          "n": 8214,
          "p": 0.0
        },
        "n_nontautological": 7742
      }
    },
    "down": {
      "in_sample": {
        "n": 26844,
        "corr_early_gain_leg_amp_all": {
          "r": 0.7186764359120793,
          "n": 26844,
          "p": 0.0
        },
        "corr_early_gain_leg_amp_nontautological": {
          "r": 0.6404336077053029,
          "n": 18280,
          "p": 0.0
        },
        "corr_early_slope_corr_depth": {
          "r": 0.34082702620794364,
          "n": 20081,
          "p": 0.0
        },
        "n_nontautological": 18280
      },
      "held_out": {
        "n": 11162,
        "corr_early_gain_leg_amp_all": {
          "r": 0.7614081534680962,
          "n": 11162,
          "p": 0.0
        },
        "corr_early_gain_leg_amp_nontautological": {
          "r": 0.7105172613739659,
          "n": 7730,
          "p": 0.0
        },
        "corr_early_slope_corr_depth": {
          "r": 0.2844120006093003,
          "n": 8427,
          "p": 0.0
        },
        "n_nontautological": 7730
      }
    }
  },
  "part_c_realtime_filter": {
    "bottom_like": {
      "3": {
        "in_sample": {
          "pattern": {
            "n": 22944,
            "mean": -0.0053378149196767035,
            "ci_lo": -0.0934935285042919,
            "ci_hi": 0.0828178986649385
          },
          "baseline": {
            "n": 140364,
            "mean": 0.009033706519351533,
            "ci_lo": -0.0017115247069819008,
            "ci_hi": 0.01977893774568497
          },
          "p_vs_baseline": 0.7511069491004223
        },
        "held_out": {
          "pattern": {
            "n": 11473,
            "mean": 0.052480639722150814,
            "ci_lo": -0.029359053117255333,
            "ci_hi": 0.13432033256155695
          },
          "baseline": {
            "n": 59632,
            "mean": 0.020622576627079534,
            "ci_lo": 0.0023664037553067126,
            "ci_hi": 0.03887874949885235
          },
          "p_vs_baseline": 0.4564688373053105
        }
      },
      "6": {
        "in_sample": {
          "pattern": {
            "n": 22944,
            "mean": 0.01973519541682484,
            "ci_lo": -0.07888043869871458,
            "ci_hi": 0.11835082953236425
          },
          "baseline": {
            "n": 140364,
            "mean": 0.00922761855045415,
            "ci_lo": -0.012582472589848353,
            "ci_hi": 0.03103770969075665
          },
          "p_vs_baseline": 0.8384221288710603
        },
        "held_out": {
          "pattern": {
            "n": 11472,
            "mean": 0.05350032017118397,
            "ci_lo": -0.05028360491754002,
            "ci_hi": 0.15728424525990795
          },
          "baseline": {
            "n": 59628,
            "mean": 0.036189273801183024,
            "ci_lo": 0.008852308284935634,
            "ci_hi": 0.06352623931743041
          },
          "p_vs_baseline": 0.7518942452189576
        }
      },
      "12": {
        "in_sample": {
          "pattern": {
            "n": 22944,
            "mean": 0.008017468416387973,
            "ci_lo": -0.10870771990328157,
            "ci_hi": 0.12474265673605753
          },
          "baseline": {
            "n": 140364,
            "mean": 0.0048722805190905116,
            "ci_lo": -0.031662584730676076,
            "ci_hi": 0.0414071457688571
          },
          "p_vs_baseline": 0.9598024680012858
        },
        "held_out": {
          "pattern": {
            "n": 11472,
            "mean": 0.13392936268476388,
            "ci_lo": 0.006111471478844804,
            "ci_hi": 0.261747253890683
          },
          "baseline": {
            "n": 59615,
            "mean": 0.0810080737386893,
            "ci_lo": 0.04206681722967478,
            "ci_hi": 0.11994933024770382
          },
          "p_vs_baseline": 0.43758121887117274
        }
      },
      "24": {
        "in_sample": {
          "pattern": {
            "n": 22944,
            "mean": 0.055818959185939675,
            "ci_lo": -0.08163004829948997,
            "ci_hi": 0.19326796667136933
          },
          "baseline": {
            "n": 140364,
            "mean": 0.03147370939543793,
            "ci_lo": -0.02079598144976852,
            "ci_hi": 0.08374340024064438
          },
          "p_vs_baseline": 0.7455685310473044
        },
        "held_out": {
          "pattern": {
            "n": 11470,
            "mean": 0.24491311243301755,
            "ci_lo": 0.08313240105079259,
            "ci_hi": 0.40669382381524255
          },
          "baseline": {
            "n": 59582,
            "mean": 0.1472912047109239,
            "ci_lo": 0.08986226057440459,
            "ci_hi": 0.20472014884744322
          },
          "p_vs_baseline": 0.2650369651025408
        }
      }
    },
    "top_like": {
      "3": {
        "in_sample": {
          "pattern": {
            "n": 21912,
            "mean": -0.046261887862874,
            "ci_lo": -0.17299467254005182,
            "ci_hi": 0.08047089681430383
          },
          "baseline": {
            "n": 140364,
            "mean": 0.009033706519351533,
            "ci_lo": -0.0017115247069819008,
            "ci_hi": 0.01977893774568497
          },
          "p_vs_baseline": 0.3941459333025743
        },